Algorithm,Map,Run,Value
Dijkstra,1,1,0.01640009880065918
Astar,1,1,0.012150287628173828
RRT,1,1,0.008424758911132812
PRM,1,1,0.0
PSO,1,1,0.2430434226989746
Dijkstra,1,2,0.029364824295043945
Astar,1,2,0.014955520629882812
RRT,1,2,0.008453369140625
