Map,Algorithm,Run,Value
1,Dijkstra,1,3.723855495452881
1,Astar,1,3.459907293319702
1,RRT,1,3.4160423278808594
1,PRM,1,0
1,PSO,1,3.8592984676361084
1,Dijkstra,2,3.44153094291687
