Algorithm,Map,Run,Value
Dijkstra,1,1,0.011581182479858398
Astar,1,1,0.0072443485260009766
RRT,1,1,0.0036509037017822266
PRM,1,1,0.00014710426330566406
