Algorithm,Map,Run,Value
Dijkstra,1,0,0.007528066635131836
Astar,1,0,0.0076901912689208984
RRT,1,0,0.002305746078491211
PRM,1,0,0.009467601776123047
PSO,1,0,0.21042370796203613
Dijkstra,2,0,0.004876136779785156
Astar,2,0,0.005528688430786133
RRT,2,0,0.04229283332824707
PRM,2,0,0.009957551956176758
PSO,2,0,1.613806962966919
