Algorithm,Map,Run,Value
Dijkstra,1,1,0.010457992553710938
Astar,1,1,0.006743192672729492
RRT,1,1,0.006109714508056641
PRM,1,1,0.00016069412231445312
