Algorithm,Map,Run,Value
Dijkstra,1,1,0.5234375
Astar,1,1,0.05859375
RRT,1,1,0.00390625
PRM,1,1,0.00390625
PSO,1,1,34.80078125
Dijkstra,1,2,0.00390625
Astar,1,2,0.03125
RRT,1,2,0.0
PRM,1,2,0.0
PSO,1,2,16.48828125
Dijkstra,1,3,0.1484375
Astar,1,3,0.0
RRT,1,3,0.0
PRM,1,3,0.0
PSO,1,3,16.25390625
Dijkstra,1,4,0.16796875
Astar,1,4,0.01953125
RRT,1,4,0.0
PRM,1,4,0.0
PSO,1,4,14.13671875
Dijkstra,1,5,0.01953125
Astar,1,5,0.0
RRT,1,5,0.0
PRM,1,5,0.0
