Algorithm,Map,Run,Value
Dijkstra,1,1,0.53515625
Astar,1,1,0.02734375
RRT,1,1,0.00390625
PRM,1,1,0.01171875
