Algorithm,Map,Run,Value
Dijkstra,1,1,0.55078125
Astar,1,1,0.0234375
RRT,1,1,0.00390625
PRM,1,1,0.0078125
PSO,1,1,2.09375
Dijkstra,1,2,0.03125
Astar,1,2,0.015625
RRT,1,2,0.0
PRM,1,2,0.0
PSO,1,2,0.4453125
Dijkstra,1,3,0.01171875
Astar,1,3,0.0
RRT,1,3,0.0
PRM,1,3,0.0
PSO,1,3,0.1953125
Dijkstra,1,4,0.00390625
Astar,1,4,0.015625
RRT,1,4,0.0
PRM,1,4,0.0
PSO,1,4,0.09765625
Dijkstra,1,5,0.01171875
Astar,1,5,0.00390625
RRT,1,5,0.0
