Algorithm,Map,Run,Value
Dijkstra,1,0,0.55859375
Astar,1,0,0.140625
RRT,1,0,0.0
PRM,1,0,0.02734375
PSO,1,0,1.203125
Dijkstra,2,0,0.0
Astar,2,0,0.0
RRT,2,0,0.0
PRM,2,0,0.01171875
PSO,2,0,0.79296875
