Algorithm,Map,Run,Value
Dijkstra,1,0,0.01098901098901099
Astar,1,0,0.015155394353372818
RRT,1,0,0.014309666460051006
PRM,1,0,0.01584717517510903
PSO,1,0,0.022473956654838916
Dijkstra,2,0,0.000555247084952804
Astar,2,0,0.009318678098739427
RRT,2,0,0.0076875043451249455
PRM,2,0,0.011411156134631804
PSO,2,0,0.0011287155369977724
