Algorithm,Map,Run,Value
Dijkstra,1,0,90.0
Astar,1,0,64.98310652189997
RRT,1,0,68.88283079775121
PRM,1,0,62.102728969052365
PSO,1,0,43.49594770330252
Dijkstra,2,0,1800.0
Astar,2,0,106.31135783467764
RRT,2,0,129.08122728856122
PRM,2,0,86.63353933657015
PSO,2,0,884.9628198791895
